Description,Category,Urgency,Resolution
I'm experiencing connectivity issues with my internet.,Technical,High,Reboot your modem and router and check for loose cables.
The software is crashing frequently after the latest update.,Technical,Medium,Roll back the software update or reinstall the previous version.
I have a question about my recent bill.,Billing,Low,Contact our billing department at billing@example.com for assistance.
The printer is not responding to print commands.,Technical,High,Check the printer connections and restart both the printer and the computer.
I accidentally deleted some important files. Can they be recovered?,Technical,High,Use data recovery software to attempt to recover the deleted files.
The website is displaying error 404 when I try to access my account.,Technical,Medium,"Clear your browser cache and cookies, or try accessing the website from a different browser."
I need assistance setting up my new email account.,Technical,Low,Follow the step-by-step guide on our website for setting up your email account.
The application is freezing and becoming unresponsive.,Technical,High,Close unnecessary applications and update the software to the latest version.
I received an error message 'Out of memory' while working on a project.,Technical,High,Close unnecessary programs and consider upgrading your RAM if the issue persists.
My computer is overheating and shutting down unexpectedly.,Technical,High,Clean the dust from your computer's vents and ensure proper airflow.
